"1","name_1","1"
"2","name_2","2"
"3","name_3","3"
"4","name_4","4"
"5","name_5","5"
"6","name_6","6"
"7","name_7","7"
"8","name_8","8"
"9","name_9","9"
"10","name_10","10"
"11","name_11","11"
"12","name_12","12"
"13","name_13","13"
"14","name_14","14"
"15","name_15","15"
"16","name_16","16"
"17","name_17","17"
"18","name_18","18"
"19","name_19","19"
"20","name_20","20"
"21","name_21","21"
"22","name_22","22"
"23","name_23","23"
"24","name_24","24"
"25","name_25","25"
"26","name_26","26"
"27","name_27","27"
"28","name_28","28"
"29","name_29","29"
"30","name_30","30"
"31","name_31","31"
"32","name_32","32"
"33","name_33","33"
"34","name_34","34"
"35","name_35","35"
"36","name_36","36"
"37","name_37","37"
"38","name_38","38"
"39","name_39","39"
"40","name_40","40"
"41","name_41","41"
"42","name_42","42"
"43","name_43","43"
"44","name_44","44"
"45","name_45","45"
"46","name_46","46"
"47","name_47","47"
"48","name_48","48"
"49","name_49","49"
"50","name_50","50"
"51","name_51","51"
"52","name_52","52"
"53","name_53","53"
"54","name_54","54"
"55","name_55","55"
"56","name_56","56"
"57","name_57","57"
"58","name_58","58"
"59","name_59","59"
"60","name_60","60"
"61","name_61","61"
"62","name_62","62"
"63","name_63","63"
"64","name_64","64"
"65","name_65","65"
"66","name_66","66"
"67","name_67","67"
"68","name_68","68"
"69","name_69","69"
"70","name_70","70"
"71","name_71","71"
"72","name_72","72"
"73","name_73","73"
"74","name_74","74"
"75","name_75","75"
"76","name_76","76"
"77","name_77","77"
"78","name_78","78"
"79","name_79","79"
"80","name_80","80"
"81","name_81","81"
"82","name_82","82"
"83","name_83","83"
"84","name_84","84"
"85","name_85","85"
"86","name_86","86"
"87","name_87","87"
"88","name_88","88"
"89","name_89","89"
"90","name_90","90"
"91","name_91","91"
"92","name_92","92"
"93","name_93","93"
"94","name_94","94"
"95","name_95","95"
"96","name_96","96"
"97","name_97","97"
"98","name_98","98"
"99","name_99","99"
"100","name_100","100"
